date,volume,open,high,low,close
2017/9/13,9112378,173.01,173.17,172.06,173.05
2017/9/12,11179730,173.76,174,171.75,172.96
2017/9/11,12353760,172.4,173.89,172.2,173.51
2017/9/8,10985350,173.09,173.49,170.8,170.95
2017/9/7,18039640,171.94,173.3067,170.27,173.21
2017/9/6,13886740,170.91,172.48,169.57,172.09
2017/9/5,13214940,171.27,172.3875,169.55,170.72
2017/9/1,11663360,172.4,172.915,171.31,172.02
2017/8/31,17216280,170.4,172.145,170.06,171.97
2017/8/30,11117630,168.17,170.18,167.63,169.92
2017/8/29,11111780,165.25,168.425,165,168.05
2017/8/28,8477431,166.91,167.7,166.33,167.24
2017/8/25,12589850,167.86,168.38,166.18,166.32
2017/8/24,14015950,168.88,169.29,166.41,167.74
2017/8/23,9838383,168.84,169.36,168.2,168.71
2017/8/22,11377350,168.28,169.87,167.15,169.64
2017/8/21,11898620,167.16,168,165.82,167.78
2017/8/18,15065590,166.84,168.67,166.21,167.41
2017/8/17,17009420,169.34,169.86,166.85,166.91
2017/8/16,15732840,171.25,171.38,169.24,170
2017/8/15,8713651,171.49,171.5,170.01,171
2017/8/14,12940140,170.09,171.08,169.29,170.75
2017/8/11,13778190,167.95,168.82,166.85,168.08
2017/8/10,20551720,170.06,170.59,166.85,167.4
2017/8/9,10800730,169.98,171.45,169.56,171.18
2017/8/8,14317200,171.88,173.05,170.62,171.23
2017/8/7,12765230,169.95,172.06,169.66,171.98
2017/8/4,10505980,168.97,170.06,168.69,169.62
2017/8/3,10519470,169.3,169.7,168.25,168.59
2017/8/2,17181110,170.3,170.55,166.91,169.3
2017/8/1,14286110,169.82,170.47,169.05,169.86
2017/7/31,25429310,172,172.72,168.55,169.25
2017/7/28,24546680,169.07,173.43,169.05,172.45
2017/7/27,68454830,174.7,175.49,167.5,170.44
2017/7/26,32989200,166.01,166.01,164.1,165.61
2017/7/25,15309000,165.01,165.54,163.8619,165.28
2017/7/24,17208500,164.64,166.17,164.31,166
2017/7/21,14712450,164.16,165.05,163.75,164.43
2017/7/20,18409730,164.8,165,162.81,164.53
2017/7/19,26144510,163.59,165.7,163.17,164.14
2017/7/18,23686800,159.66,163.73,159.42,162.86
2017/7/17,12757430,160.25,160.78,158.81,159.73
2017/7/14,16305570,160.13,160.32,159.3254,159.97
2017/7/13,13912150,158.74,159.78,158.4227,159.26
2017/7/12,22710090,156.49,159.16,156.2,158.9
2017/7/11,13652540,153.37,155.4225,152.91,155.27
2017/7/10,13326410,151.69,153.98,151.51,153.5
2017/7/7,13249750,149.25,151.99,149.19,151.44
2017/7/6,14934450,149.03,150.04,148,148.82
2017/7/5,14321330,149,150.85,148.13,150.34
2017/7/3,13862740,151.72,152.15,147.8,148.43
2017/6/30,14909670,151.9,151.92,150.06,150.98
2017/6/29,23948630,152.28,152.5,148.9175,151.04
2017/6/28,16696230,150.92,153.47,149.86,153.24
2017/6/27,19351560,152.84,153.31,150.39,150.58
2017/6/26,18030200,156.25,156.5,153.1954,153.59
2017/6/23,17897280,152.72,155.2,152.65,155.07
2017/6/22,12835380,153.01,154.55,152.91,153.4
2017/6/21,14943770,152.36,154.08,151.88,153.91
2017/6/20,14733590,152.88,153.84,152.21,152.25
2017/6/19,18944190,151.71,153.57,151.71,152.87
2017/6/16,22843010,149.59,150.83,148.6,150.64
2017/6/15,18956910,147.67,150.0366,146.3747,149.8
2017/6/14,20774910,151.26,152.4,149.05,150.25
2017/6/13,20474720,150.15,151.18,148.9,150.68
2017/6/12,33150610,148.17,149.195,144.56,148.44
2017/6/9,35541670,154.77,155.59,146.61,149.6
2017/6/8,17795860,154.08,154.73,153.1,154.71
2017/6/7,12040430,153.27,153.75,152.34,153.12
2017/6/6,13443610,153.41,154.52,152.48,152.81
2017/6/5,12504820,153.64,154.7088,153.41,153.63
2017/6/2,16838650,151.85,153.63,151.3,153.61
2017/6/1,14511530,151.75,152.29,150.3,151.53
2017/5/31,18001140,152.7,153.35,151.09,151.46
2017/5/30,13213700,151.97,152.9,151.64,152.38
2017/5/26,14984540,152.23,152.25,151.15,152.13
2017/5/25,19827210,150.3,152.59,149.95,151.96
2017/5/24,17914740,148.51,150.23,148.42,150.04
2017/5/23,12807840,148.52,148.81,147.25,148.07
2017/5/22,12578390,148.08,148.59,147.69,148.24
2017/5/19,16165160,148.445,149.39,147.96,148.06
2017/5/18,22778870,144.72,148.15,144.51,147.66
2017/5/17,28232610,148,148.67,144.4216,144.85
2017/5/16,14506870,150.11,150.21,149.03,149.78
2017/5/15,14952950,150.17,151.48,149.77,150.19
2017/5/12,9584769,150.4,150.46,149.63,150.33
2017/5/11,11832750,150.31,150.65,149.41,150.04
2017/5/10,11994140,150.23,150.52,148.86,150.29
2017/5/9,17381800,151.49,152.59,150.21,150.48
2017/5/8,15813350,150.71,151.08,149.74,151.06
2017/5/5,17104730,151.45,151.63,149.79,150.24
2017/5/4,36185180,150.17,151.52,148.72,150.85
2017/5/3,28301550,153.6,153.6,151.34,151.8
2017/5/2,21617190,153.34,153.44,151.66,152.78
2017/5/1,25170200,151.74,152.57,151.42,152.46
2017/4/28,30607510,149.5,151.53,149.07,150.25
2017/4/27,11072600,146.67,147.75,146.14,147.7
2017/4/26,12388100,147.09,147.59,146.09,146.56
2017/4/25,17718030,145.79,147.15,145.7898,146.49
2017/4/24,14397480,144.96,145.6738,144.34,145.47
2017/4/21,12172640,143.9,144.17,142.27,143.68
2017/4/20,15948700,142.95,144.25,142.689,143.8
2017/4/19,15544500,141.35,143.04,141.27,142.27
2017/4/18,14795020,141.27,141.905,140.61,140.96
2017/4/17,11488510,139.76,141.55,139.75,141.42
2017/4/13,10939950,139.62,140.58,139.33,139.39
2017/4/12,11600930,139.72,140.4,139.44,139.58
2017/4/11,16627940,140.8,141.0299,138.81,139.92
2017/4/10,9033921,141,141.43,140.63,141.04
2017/4/7,11811450,141.2,141.55,140.24,140.78
2017/4/6,15089610,142.11,142.22,140.91,141.17
2017/4/5,17132150,142.26,143.44,141.29,141.85
2017/4/4,11934110,141.86,142.09,141.27,141.73
2017/4/3,13552550,141.93,142.47,140.82,142.28
2017/3/31,11366390,142.31,142.63,141.89,142.05
2017/3/30,12393610,142.4,142.95,141.85,142.41
2017/3/29,16504590,141.99,142.86,141.43,142.65
2017/3/28,14660670,140.36,141.95,140.01,141.76
2017/3/27,12791820,139.05,140.65,138.77,140.32
2017/3/24,16636900,140.08,141.0244,139.76,140.34
2017/3/23,12992700,139.48,140.39,139.09,139.53
2017/3/22,17020610,137.93,139.79,137.6,139.59
2017/3/21,29855980,141.15,142.3082,138.4,138.51
2017/3/20,12002150,139.71,140.19,139.25,139.94
2017/3/17,20487730,140.34,140.34,139.7,139.84
2017/3/16,13604260,140.2,140.25,139.73,139.99
2017/3/15,19315340,139.29,140.1,138.49,139.72
2017/3/14,12935370,139.46,139.46,138.52,139.32
2017/3/13,10949000,138.71,139.68,138.6729,139.6
2017/3/10,16299220,138.91,139.49,138.22,138.79
2017/3/9,15523900,137.72,138.57,137.4,138.24
2017/3/8,10174840,137.15,137.99,137.0516,137.72
2017/3/7,13517880,137.03,138.37,136.99,137.3
2017/3/6,12562040,136.88,137.83,136.51,137.42
2017/3/3,11154380,136.63,137.33,136.08,137.17
2017/3/2,12278560,137.09,137.82,136.31,136.76
2017/3/1,16241330,136.47,137.48,136.3,137.42
2017/2/28,16096310,136.79,136.805,134.75,135.54
2017/2/27,14300970,135.26,137.1846,135.02,136.41
2017/2/24,12617180,134.16,135.62,134.16,135.44
2017/2/23,18408460,135.89,136.12,134.33,135.36
2017/2/22,27331930,133.6,136.79,133.46,136.12
2017/2/21,14735860,133.5,133.91,132.9,133.72
2017/2/17,12265480,133.5,134.0912,133.17,133.53
2017/2/16,12816260,133.07,133.87,133.022,133.84
2017/2/15,13215470,133.45,133.7,132.66,133.44
2017/2/14,14346090,134.1,134.23,132.55,133.85
2017/2/13,13511640,134.6975,134.6975,133.7,134.05
2017/2/10,15050270,134.1,134.94,133.68,134.19
2017/2/9,16454060,134.49,134.5,133.31,134.14
2017/2/8,22370760,132.6,134.44,132.44,134.2
2017/2/7,14585030,132.24,133,131.661,131.84
2017/2/6,17015610,130.98,132.06,130.3,132.06
2017/2/3,24776070,131.24,132.85,130.76,130.98
2017/2/2,54281800,133.22,135.49,130.4,130.84
2017/2/1,47329480,132.25,133.49,130.68,133.23
2017/1/31,19642550,130.17,130.66,129.5157,130.32
2017/1/30,18919750,131.58,131.58,129.6,130.98
2017/1/27,19505970,132.68,132.95,131.08,132.18
2017/1/26,19964800,131.63,133.14,131.4401,132.78
2017/1/25,18745640,130,131.74,129.77,131.48
2017/1/24,15140910,129.38,129.9,128.38,129.37
2017/1/23,16566300,127.31,129.25,126.95,128.93
2017/1/20,19068380,128.1,128.48,126.78,127.04
2017/1/19,12171270,128.23,128.35,127.45,127.55
2017/1/18,13107440,128.41,128.43,126.84,127.92
2017/1/17,15279990,128.04,128.34,127.4,127.87
2017/1/13,24857410,127.49,129.27,127.37,128.34
2017/1/12,18596580,125.61,126.73,124.8,126.62
2017/1/11,18334560,124.35,126.12,124.06,126.09
2017/1/10,17299590,124.82,125.5,124.28,124.35
2017/1/9,22874170,123.55,125.43,123.04,124.9
2017/1/6,28525570,120.98,123.88,120.03,123.41
2017/1/5,19459380,118.86,120.95,118.3209,120.67
2017/1/4,19594560,117.55,119.66,117.29,118.69
2017/1/3,20635600,116.03,117.84,115.51,116.86
2016/12/30,18668290,116.595,116.83,114.7739,115.05
2016/12/29,9925082,117,117.531,116.06,116.35
2016/12/28,11985740,118.19,118.25,116.65,116.92
2016/12/27,12034590,116.96,118.68,116.864,118.01
2016/12/23,10885030,117,117.56,116.3,117.27
2016/12/22,16226770,118.86,118.99,116.93,117.4
2016/12/21,10747610,118.92,119.2,118.48,119.04
2016/12/20,13673570,119.5,119.77,118.8,119.09
2016/12/19,15871360,119.85,120.36,118.51,119.24
2016/12/16,25316220,120.9,121.5,119.27,119.87
2016/12/15,20113550,120.08,122.5,119.63,120.57
2016/12/14,25890630,120,121.69,118.85,120.21
2016/12/13,29568990,117.86,121.52,117.61,120.31
2016/12/12,17782470,119.22,119.24,117.65,117.77
2016/12/9,17452710,119.22,119.94,118.95,119.68
2016/12/8,22427310,117.98,119.5,117.64,118.91
2016/12/7,21891800,117,117.95,116.57,117.95
2016/12/6,19089060,117.69,117.795,116.33,117.31
2016/12/5,20123920,115.95,117.57,115.07,117.43
2016/12/2,25050450,115.11,116.48,114.3,115.4
2016/12/1,43231480,118.38,118.45,114,115.1
2016/11/30,30135230,120.32,121.79,117.95,118.42
2016/11/29,18871130,120.57,122.1,120.4,120.87
2016/11/28,18081770,120.12,121.69,119.82,120.41
2016/11/25,8658605,121.01,121.14,120.07,120.38
2016/11/23,15646580,121.23,121.31,119.94,120.84
2016/11/22,26006340,122.4,122.98,120.9,121.47
2016/11/21,35359460,118.2,121.95,117.8,121.77
2016/11/18,22768330,118.39,119.13,116.84,117.02
2016/11/17,18570820,116.81,117.79,116.01,117.79
2016/11/16,32358800,114.48,117.88,114.21,116.34
2016/11/15,34629110,116.73,118.49,115.83,117.2
2016/11/14,51315610,119.1256,119.1256,113.5535,115.08
2016/11/11,32814370,119.53,120.7,118.15,119.02
2016/11/10,67808300,123.93,124.18,115.27,120.8
2016/11/9,31883790,121.5,123.81,120.51,123.18
2016/11/8,19391790,122.03,124.61,121.54,124.22
2016/11/7,22957100,122.83,123.2089,121.35,122.15
2016/11/4,30468330,119.59,121.93,119.25,120.75
2016/11/3,63660540,122,123.28,119.5,120
2016/11/2,43895660,130.23,130.23,126.28,127.17
2016/11/1,21974210,131.41,131.94,128.65,129.5
2016/10/31,15649280,132.01,132.12,130.8835,130.99
2016/10/28,24500920,130.5,132.97,129.93,131.29
2016/10/27,16628680,131.74,131.8,129.27,129.69
2016/10/26,13066210,131.64,132.26,130.935,131.04
2016/10/25,13307700,133.5,133.5,132.22,132.29
2016/10/24,17420290,132.72,133.405,132.15,133.28
2016/10/21,18983740,129.78,132.13,129.7,132.07
2016/10/20,13148980,130.07,130.66,129.5,130
2016/10/19,16723000,128.74,130.47,128.6,130.11
2016/10/18,13487280,128.68,129.39,128.01,128.57
2016/10/17,11317650,128.2,128.47,127.32,127.54
2016/10/14,13335970,128.49,128.95,127.58,127.88
2016/10/13,17106910,128.21,128.25,126.75,127.82
2016/10/12,11043240,129.01,129.66,128.46,129.05
2016/10/11,17508530,130.23,130.64,128.23,128.88
2016/10/10,15113560,129.68,130.7,129.2,130.24
2016/10/7,12800360,129.04,129.25,128.33,128.99
2016/10/6,11673340,128.43,129.06,128.08,128.74
2016/10/5,12354920,128.25,128.8,127.83,128.47
2016/10/4,14294610,129.17,129.2765,127.5499,128.19
2016/10/3,13134510,128.38,129.09,127.8,128.77
2016/9/30,18392040,128.03,128.59,127.45,128.27
2016/9/29,14489880,129.18,129.29,127.55,128.09
2016/9/28,12035720,129.21,129.47,128.4,129.23
2016/9/27,15600130,127.61,129.01,127.43,128.69
2016/9/26,15041370,127.37,128.16,126.8,127.31
2016/9/23,28293920,127.56,128.6,127.3,127.96
2016/9/22,15358850,130.5,130.73,129.56,130.08
2016/9/21,14045780,129.13,130.005,128.39,129.94
2016/9/20,11076150,128.65,129.17,128.0307,128.64
2016/9/19,14927990,129.91,129.94,128.26,128.65
2016/9/16,24083560,128.2,129.18,128.2,129.07
2016/9/15,15084660,127.98,129.1,127.67,128.35
2016/9/14,15712050,126.89,128.8,126.89,127.77
2016/9/13,17987510,128.03,128.35,126.66,127.21
2016/9/12,21159830,125.96,128.76,125.75,128.69
2016/9/9,26963940,129.71,129.949,127.1,127.1
2016/9/8,15655250,130.92,131.08,129.81,130.27
2016/9/7,27942000,130.04,131.98,129.95,131.05
2016/9/6,26241480,126.67,129.94,126.47,129.73
2016/9/2,12074470,126.85,126.86,126,126.51
2016/9/1,13522260,126.38,126.63,125.6,126.17
2016/8/31,14183190,125.6,126.22,125.1,126.12
2016/8/30,17778300,126.6,126.6,125.15,125.84
2016/8/29,15901270,124.35,126.73,124.35,126.54
2016/8/26,17467840,124.05,125.19,123.91,124.96
2016/8/25,10720680,123.12,124.37,123.1,123.89
2016/8/24,12226720,124.47,124.69,123.09,123.48
2016/8/23,13302050,124.51,125.09,124.25,124.37
2016/8/22,14377070,123.33,124.83,123.11,124.15
2016/8/19,11582430,123.6,124.157,123.28,123.56
2016/8/18,12378280,124.01,124.26,123.64,123.91
2016/8/17,13759700,123.66,124.38,122.85,124.37
2016/8/16,14209580,123.5,123.92,122.78,123.3
2016/8/15,19280400,124.91,124.92,123.7,123.9
2016/8/12,12146150,124.7,125,124.18,124.88
2016/8/11,11708610,125.2,125.38,124.75,124.9
2016/8/10,10645370,125.07,125.48,124.54,124.88
2016/8/9,19587330,125.34,126.09,124.53,125.06
2016/8/8,15216950,125.25,125.45,124.55,125.26
2016/8/5,20144810,124.98,125.835,124.6184,125.15
2016/8/4,21052200,122.94,124.79,122.51,124.36
2016/8/3,18479970,123.09,123.92,122.31,122.51
2016/8/2,23919790,124.06,124.8,122.07,123.09
2016/8/1,24986020,123.85,124.58,122.86,124.31
2016/7/29,34943890,124.65,125.84,123.71,123.94
2016/7/28,78673980,127.52,128.33,123.63,125
2016/7/27,50218420,122.42,125,121.51,123.34
2016/7/26,17417060,122,122.07,120.75,121.22
2016/7/25,18453230,121.39,121.85,117.78,121.63
2016/7/22,18363590,119.9,121.01,119.31,121
2016/7/21,17787630,121.92,122.1,120.25,120.61
2016/7/20,19991920,121.25,122.2,120.56,121.92
2016/7/19,21502910,118.99,120.85,118.66,120.61
2016/7/18,20816900,117.32,119.61,116.89,119.37
2016/7/15,16601530,117.74,118.28,116.58,116.86
2016/7/14,14554060,117.5,117.64,116.7,117.29
2016/7/13,16180680,118.39,118.4,116.68,116.78
2016/7/12,15084590,118.63,118.72,117.57,117.93
2016/7/11,17613670,117.71,118.7,117.5,117.87
2016/7/8,18117330,116.43,117.5,115.85,117.24
2016/7/7,16612350,116.63,116.97,115.36,115.85
2016/7/6,24318520,113.36,116.79,112.97,116.7
2016/7/5,14206220,113.94,114.11,112.97,114
2016/7/1,14955080,114.2,115.13,113.81,114.19
2016/6/30,23159510,114.67,115.18,113.67,114.28
2016/6/29,20935530,113.37,114.25,113.04,114.16
2016/6/28,26772900,110.63,112.75,110.55,112.7
2016/6/27,36172810,111.57,111.57,108.23,108.97
2016/6/24,40555840,111.01,113.68,111,112.08
2016/6/23,16096460,114.37,115.09,113.54,115.08
2016/6/22,14811570,114.65,114.74,113.61,113.91
2016/6/21,18997270,114.12,115.2142,113.97,114.38
2016/6/20,20746500,113.77,114.72,112.75,113.37
2016/6/17,24410770,114.42,114.43,112.56,113.02
2016/6/16,19207560,113.87,114.5,112.94,114.39
2016/6/15,19789270,115.3,115.44,114.07,114.6
2016/6/14,17573960,114.07,114.95,113.58,114.94
2016/6/13,31675970,115,115.48,113.31,113.95
2016/6/10,18474380,117.54,118.11,116.26,116.62
2016/6/9,13842230,118.13,118.68,117.71,118.56
2016/6/8,14493990,117.76,118.6,117.27,118.39
2016/6/7,17069990,119.24,119.3,117.67,117.76
2016/6/6,12721610,118.62,119.43,118.36,118.79
2016/6/3,14115480,118.975,118.98,117.86,118.47
2016/6/2,13216260,118.69,119.44,118.22,118.93
2016/6/1,15003570,118.5,119.08,117.82,118.78
2016/5/31,23526050,119.46,120.1,118.121,118.81
2016/5/27,13476050,119.56,119.85,119.01,119.38
2016/5/26,18437640,118.24,119.7601,117.92,119.47
2016/5/25,20026150,118.13,118.665,117.38,117.89
2016/5/24,20156400,116.24,117.73,116.12,117.7
2016/5/23,20409860,117.42,117.6,115.94,115.97
2016/5/20,18893950,116.96,117.99,116.95,117.35
2016/5/19,20510770,117.05,117.49,115.88,116.81
2016/5/18,21596120,116.8,118.27,116.73,117.65
2016/5/17,21296660,118.82,119.01,117.2,117.35
2016/5/16,31188070,119.38,119.61,117.35,118.67
2016/5/13,18077540,120.38,120.64,119.68,119.81
2016/5/12,21649010,119.98,120.84,118.9,120.28
2016/5/11,21976560,120.41,121.08,119.42,119.52
2016/5/10,23127390,119.62,120.5,119,120.5
2016/5/9,21097310,119.54,120.28,118.9,119.24
2016/5/6,26362480,117.16,119.637,117.1127,119.49
2016/5/5,22032830,118.04,118.98,117.25,117.81
2016/5/4,23414270,116.61,118.3,116.57,118.06
2016/5/3,24087870,117.52,118.16,117.02,117.43
2016/5/2,27789510,117.83,118.73,116.57,118.57
2016/4/29,37106010,116.82,117.84,115.84,117.58
2016/4/28,86913390,119.575,120.79,116.23,116.73
2016/4/27,50504560,107.94,108.94,106.31,108.89
2016/4/26,22393840,110.49,110.5,108.15,108.76
2016/4/25,20997040,109.87,110.67,109.07,110.1
2016/4/22,38397070,111.21,111.75,109.01,110.56
2016/4/21,20711310,112.55,114.04,112.31,113.44
2016/4/20,21020820,112.43,113.27,111.56,112.42
2016/4/19,30177490,111.1,112.45,109.16,112.29
2016/4/18,21127750,109.74,110.81,109.2,110.45
2016/4/15,20793730,110.79,110.97,109.2,109.64
2016/4/14,28439970,110.62,112.04,110.26,110.84
2016/4/13,88165850,112.23,112.65,106.52,110.51
2016/4/12,26190250,109.34,111.1645,108.99,110.61
2016/4/11,39707140,110.7,110.91,108.77,108.99
2016/4/8,48467350,114.25,114.33,109.9,110.63
2016/4/7,20683460,113.79,114.89,113.0663,113.64
2016/4/6,20794390,112.47,113.81,112.42,113.71
2016/4/5,22779490,112.11,113.32,111.9,112.22
2016/4/4,48418260,114.07,114.55,111.61,112.55
2016/4/1,24751160,113.75,116.17,113.35,116.06
2016/3/31,21171030,114.7,115.01,113.7682,114.1
2016/3/30,33196410,116.73,116.99,114.355,114.7
2016/3/29,29789720,113.83,116.32,113.64,116.14
2016/3/28,21332720,113.32,114.5889,112.95,113.69
2016/3/24,17157540,112.13,113.09,111.68,113.05
2016/3/23,18546450,112.01,113.19,112,112.54
2016/3/22,18989920,111.36,112.88,111.17,112.25
2016/3/21,18430870,111.66,112.37,111.03,111.85
2016/3/18,36265530,111.56,112.42,110.27,111.45
2016/3/17,24215410,112.15,112.69,110.73,111.02
2016/3/16,24696190,110.49,112.5,110.1,112.18
2016/3/15,17596280,109.11,110.83,108.84,110.67
2016/3/14,17240940,109.28,110.33,108.77,109.89
2016/3/11,20667610,108.48,109.42,107.92,109.41
2016/3/10,24835810,107.91,108.66,105.7699,107.32
2016/3/9,20458320,106.7,107.51,105.49,107.51
2016/3/8,25582660,104.78,107.37,104.4,105.93
2016/3/7,31487180,108.07,108.07,104.72,105.73
2016/3/4,24908230,110.05,110.05,107.93,108.39
2016/3/3,21337720,110.25,110.3,108.54,109.58
2016/3/2,25656490,109.68,110.55,108.77,109.95
2016/3/1,26743550,107.83,109.82,107.6,109.82
2016/2/29,32739960,107.6,108.9101,106.75,106.92
2016/2/26,26658020,108.7,109.45,107.16,107.92
2016/2/25,29862100,107.11,108.07,105.61,108.07
2016/2/24,34313290,104.21,106.95,102.74,106.88
2016/2/23,25279170,106.85,107.47,105.12,105.46
2016/2/22,35675920,105.49,108.25,105.34,107.16
2016/2/19,32385500,102.55,105.02,102.06,104.57
2016/2/18,29543040,105.8,106,103.03,103.47
2016/2/17,44009090,101.94,105.72,100.4,105.2
2016/2/16,45604490,103.8,103.93,100.24,101.61
2016/2/12,36158700,103.74,104.24,101.09,102.01
2016/2/11,43598890,99.6,105.11,98.88,101.91
2016/2/10,45044840,101.55,103.25,100.24,101
2016/2/9,62616740,97.14,102.4,96.82,99.54
2016/2/8,71119290,100.41,102.68,97.46,99.75
2016/2/5,76801180,109.51,109.58,103.18,104.07
2016/2/4,38784240,111.8,111.94,109.25,110.49
2016/2/3,56867520,115.27,115.3407,109.75,112.69
2016/2/2,59704890,114.8,117.59,113.2,114.61
2016/2/1,46025570,112.27,115.72,112.01,115.09
2016/1/29,62660640,108.99,112.84,108.84,112.21
2016/1/28,107251300,107.2,110.34,104.81,109.11
2016/1/27,53505580,97.79,97.85,94.23,94.45
2016/1/26,26749760,97.76,97.88,95.66,97.34
2016/1/25,32382100,98.72,99.48,96.93,97.01
2016/1/22,30371970,96.41,98.07,95.49,97.94
2016/1/21,30479780,94.91,95.99,92.62,94.16
2016/1/20,59015930,92.83,95,89.37,94.35
2016/1/19,30840640,96.53,97.42,93.92,95.26
2016/1/15,46068460,93.98,96.38,93.54,94.97
2016/1/14,48617610,95.85,98.87,92.45,98.37
2016/1/13,33297700,100.58,100.58,95.21,95.44
2016/1/12,28301680,99,99.96,97.55,99.37
2016/1/11,29896390,97.91,98.6,95.39,97.51
2016/1/8,35351010,99.88,100.5,97.0311,97.33
2016/1/7,45038210,100.5,101.43,97.3,97.92
2016/1/6,25046390,101.13,103.77,100.9,102.97
2016/1/5,23238890,102.89,103.7099,101.665,102.73
2016/1/4,37846820,101.95,102.24,99.75,102.22
2015/12/31,18382210,106,106.17,104.62,104.66
2015/12/30,13103910,107,107.25,106.06,106.22
2015/12/29,17149240,106.42,107.74,106.25,107.26
2015/12/28,13045160,105.02,105.98,104.53,105.93
2015/12/24,6512134,104.74,105.32,104.5,105.02
2015/12/23,19571550,105.89,106.11,103.86,104.63
2015/12/22,14584780,105.22,105.6601,104.81,105.51
2015/12/21,16105710,104.91,105.15,103.6,104.77
2015/12/18,35810840,106.08,106.59,103.97,104.04
2015/12/17,21580540,107.49,107.75,106.13,106.22
2015/12/16,22095830,105.37,107.09,104.19,106.79
2015/12/15,21697070,105.3,105.8,104.28,104.55
2015/12/14,24693110,102.285,104.74,101.46,104.66
2015/12/11,26357790,104.15,104.34,101.91,102.12
2015/12/10,17435630,105.05,106.4,104.41,105.42
2015/12/9,23468200,106.18,106.44,103.55,104.6
2015/12/8,20376290,104,106.91,103.95,106.49
2015/12/7,15447530,106.48,106.83,104.66,105.61
2015/12/4,21212310,104.81,107.73,104.11,106.18
2015/12/3,23193110,106.27,106.85,103.35,104.38
2015/12/2,24334420,107,107.92,105.79,106.07
2015/12/1,22743200,104.83,107.15,104.5,107.12
2015/11/30,20055950,105.84,106.0999,103.75,104.24
2015/11/27,5913066,105.78,105.96,104.86,105.45
2015/11/25,15140370,106.33,106.6,105.1,105.41
2015/11/24,23512790,106,106.49,104.39,105.74
2015/11/23,19740130,107.19,107.468,106.08,106.95
2015/11/20,22102030,106.84,107.87,106.62,107.32
2015/11/19,25492640,107.36,107.73,105.95,106.26
2015/11/18,23797450,105.8,107.88,105.39,107.77
2015/11/17,26774350,104.62,106.2,104.14,105.13
2015/11/16,49256510,103.32,104.17,100.47,104.04
2015/11/13,30161510,107.71,108.25,103.83,103.95
2015/11/12,20852000,108.48,109.39,108,108.02
2015/11/11,25023690,108.27,109.87,107.11,109.01
2015/11/10,24999520,105.96,108.15,105.24,107.91
2015/11/9,26354740,107,108.25,105.86,106.49
2015/11/6,35046680,108.04,108.74,105.91,107.095
2015/11/5,63142550,108.8,110.65,107.95,108.76
2015/11/4,41832160,103.19,104.14,102.48,103.94
2015/11/3,21178920,103.22,103.65,102.4,102.58
2015/11/2,23972130,102.46,103.47,101.18,103.31
2015/10/30,33436740,104.51,104.72,101.65,101.97
2015/10/29,20157920,103.96,105.12,103.52,104.88
2015/10/28,24053690,103.9,104.48,102.92,104.2
2015/10/27,23741160,102.94,104.1,102.4,103.7
2015/10/26,25912180,102.2,103.81,101.55,103.77
2015/10/23,42754060,101.91,102.85,100.16,102.19
2015/10/22,25971110,97.79,99.73,97.55,99.67
2015/10/21,21971730,97.37,98.18,96.47,97.11
2015/10/20,30824330,98.73,99.59,96.56,97
2015/10/19,23605470,97.18,98.57,96.92,98.47
2015/10/16,25370980,96.18,97.59,95.35,97.54
2015/10/15,27499010,94.99,96.3,94.9,95.96
2015/10/14,19197310,94.08,95.2,93.61,94.07
2015/10/13,19406320,93.66,95.37,93.55,94.12
2015/10/12,18396970,93.32,94.6,92.67,94.26
2015/10/9,19979290,92.9,93.74,92.239,93.24
2015/10/8,27237050,91.89,93.22,90.47,92.47
2015/10/7,24094490,93.11,93.66,91.37,92.4
2015/10/6,22459730,94.08,94.17,92.34,92.8
2015/10/5,27258120,92.94,94.27,92.66,94.01
2015/10/2,37672130,88.9,92.2,88.37,92.07
2015/10/1,29219020,90.05,90.95,88.36,90.95
2015/9/30,36113040,88.44,90.02,88.01,89.9
2015/9/29,42212360,89.1,90.06,85.72,86.67
2015/9/28,41060880,92.08,92.29,88.18,89.21
2015/9/25,28910510,95.79,95.85,92.06,92.77
2015/9/24,29037890,93.06,94.765,92.24,94.41
2015/9/23,21672220,93.4,94.32,92.8,93.97
2015/9/22,36834600,93.77,94.68,91.92,92.96
2015/9/21,28760280,94.62,96.49,94.52,95.55
2015/9/18,62232280,93.2,95.19,93.05,94.4
2015/9/17,27716330,93.37,95.51,92.9,94.34
2015/9/16,16265640,92.9,93.6,92.63,93.45
2015/9/15,18820730,92.37,93.25,91.79,92.9
2015/9/14,20108630,92.31,92.62,91.6,92.31
2015/9/11,21102320,91.68,92.08,91.13,92.05
2015/9/10,26392490,90.07,92.06,89.63,91.98
2015/9/9,32482750,90.78,91.98,90.17,90.44
2015/9/8,26935820,89.69,90.24,88.83,89.53
2015/9/4,27277250,87.2,88.39,86.7,88.26
2015/9/3,26954140,89.76,89.82,87.73,88.15
2015/9/2,27010970,88.81,89.89,87.63,89.89
2015/9/1,35958020,86.85,89.39,86.5,87.23
2015/8/31,32771380,90.6,91.05,88.89,89.43
2015/8/28,33174580,89.88,91.48,89.792,91.01
2015/8/27,42290120,89.1,90.06,87.19,89.73
2015/8/26,44994100,85.95,87.46,83.26,87.19
2015/8/25,51860780,86.95,87.67,83,83
2015/8/24,83487210,77.03,87.14,72,82.09
2015/8/21,62473650,87.52,89.18,85.61,86.06
2015/8/20,44415420,93.54,94.77,90.46,90.56
2015/8/19,23176290,94.63,96.1,94.161,95.31
2015/8/18,22222720,94.08,95.85,94.04,95.17
2015/8/17,18284030,94.42,94.46,93.39,93.93
2015/8/14,15904340,93.54,94.72,93.21,94.42
2015/8/13,17398890,94.05,94.73,93.35,93.43
2015/8/12,27075100,92.7,94.44,91.19,94.19
2015/8/11,22244980,93.73,94.76,92.9006,93.62
2015/8/10,21461830,95.68,95.9,93.63,94.15
2015/8/7,23141300,95.38,95.4,93.61,94.3
2015/8/6,42205860,97.18,98.74,94.42,95.12
2015/8/5,29718020,95.25,97.09,95.18,96.44
2015/8/4,20050730,93.79,94.73,93.33,94.06
2015/8/3,29262980,93.53,95.08,92.8,94.14
2015/7/31,46386320,94.95,96.33,93.95,94.01
2015/7/30,86021630,94.91,95.81,91.8,95.21
2015/7/29,61383310,96.32,97.28,94.74,96.99
2015/7/28,34826750,94.84,95.56,93.31,95.29
2015/7/27,38428000,96.58,96.61,93.8301,94.17
2015/7/24,33351170,97.35,97.76,95.88,96.95
2015/7/23,29281230,96.96,97.45,94.81,95.44
2015/7/22,28196110,96.74,97.58,95.92,97.04
2015/7/21,39163900,98.95,99.24,97.1427,98.39
2015/7/20,54786320,95.85,98.6,95.36,97.91
2015/7/17,53767930,92.55,95.39,92.54,94.97
2015/7/16,21417840,90.28,90.86,89.77,90.85
2015/7/15,30818700,90,90.99,89.42,89.76
2015/7/14,26568630,90.46,90.8,89.65,89.68
2015/7/13,29682360,88.66,90.22,88.42,90.1
2015/7/10,23191120,87.35,88.22,86.77,87.95
2015/7/9,23237200,86.73,87.6,85.6499,85.88
2015/7/8,24351990,86.29,86.75,85.445,85.65
2015/7/7,33023960,87.8,87.85,85.231,87.22
2015/7/6,24592870,86.49,88.1846,86.39,87.55
2015/7/2,16875000,87.4,87.44,86.3401,87.285
2015/7/1,25198260,86.77,87.95,86.49,86.91
2015/6/30,23195430,86.6,86.7,85.57,85.765
2015/6/29,35869530,86.61,87.5,85.73,85.8
2015/6/26,38185770,88.12,88.34,86.8283,88.01
2015/6/25,27245480,89.26,89.4,87.835,87.98
2015/6/24,41337040,87.66,89.25,87.45,88.86
2015/6/23,50336830,84.96,87.97,84.76,87.88
2015/6/22,29076040,83.41,84.97,83.31,84.74
2015/6/19,23337800,82.83,82.98,82.12,82.51
2015/6/18,26726860,81.64,83.19,81.57,82.905
2015/6/17,18326140,81.76,82.22,81.34,81.79
2015/6/16,13673040,80.82,81.51,80.45,81.06
2015/6/15,18782870,80.55,80.93,80.07,80.71
2015/6/12,11403090,81.37,82.09,81.2,81.53
2015/6/11,18619240,82.31,82.9,81.36,81.83
2015/6/10,21485920,80.83,82.6,80.81,82.16
2015/6/9,16443310,80.6,81.19,79.32,80.67
2015/6/8,16882270,81.82,82,80.13,80.67
2015/6/5,16087280,81.87,82.46,81.51,82.14
2015/6/4,20825910,82.14,82.95,81.51,82.05
2015/6/3,31633300,81.35,82.53,81.25,82.44
2015/6/2,18900690,79.76,81.35,79.56,80.445
2015/6/1,18106110,79.3,80.38,78.66,80.29
2015/5/29,16111570,79.95,80.07,78.88,79.19
2015/5/28,11974610,80.25,81.0745,80,80.145
2015/5/27,14132160,79.6,80.66,79.43,80.55
2015/5/26,16271510,80.43,80.6,79.08,79.335
2015/5/22,19547070,80.35,81.31,80.25,80.54
2015/5/21,13376150,80.19,80.92,80.08,80.48
2015/5/20,23024330,80.47,81.1,79.46,80.55
2015/5/19,17943450,81.25,81.69,80.55,80.63
2015/5/18,21560230,80.33,81.38,80.23,80.88
2015/5/15,27029540,81.41,81.52,80.18,80.42
2015/5/14,49376110,78.94,81.845,78.67,81.37
2015/5/13,21485710,77.72,78.53,77.65,78.44
2015/5/12,21249920,77.87,77.89,76.79,77.46
2015/5/11,18826100,78.48,79.03,77.93,78.01
2015/5/8,19921440,79.1,79.23,78.03,78.51
2015/5/7,19727740,78,78.94,77.56,78.425
2015/5/6,28610160,77.97,78.81,77.05,78.1
2015/5/5,22243130,78.55,78.8,77.22,77.56
2015/5/4,14664320,79.33,79.69,78.6301,78.81
2015/5/1,22811310,79.24,79.76,78.11,78.99
2015/4/30,28924470,80.01,80.96,78.32,78.77
2015/4/29,26400340,80.01,81.39,79.52,80.465
2015/4/28,23724520,81.83,81.9,80.23,80.68
2015/4/27,25401050,81.87,82.93,81.63,81.91
2015/4/24,29617390,82.77,82.94,81.48,81.53
2015/4/23,73607220,84.1,85.59,82.41,82.41
2015/4/22,43286780,84.32,84.74,83.65,84.63
2015/4/21,26824310,84,84.49,83.54,83.62
2015/4/20,28700450,81.54,83.15,81.24,83.09
2015/4/17,24156000,81.48,82.11,80.37,80.775
2015/4/16,13678800,82.47,83.07,82.15,82.31
2015/4/15,22358670,83.55,83.66,82.27,82.705
2015/4/14,19612620,83.17,83.69,82.44,83.515
2015/4/13,26868830,81.93,83.94,81.92,83.01
2015/4/10,12501090,82.21,82.61,81.91,82.04
2015/4/9,15902970,82.5,82.8,81.71,82.17
2015/4/8,18936170,82.63,83.1,81.84,82.275
2015/4/7,17442950,82.65,83.42,82.22,82.32
2015/4/6,19008980,80.8,82.81,80.8,82.44
2015/4/2,19631440,82.25,82.56,81.44,81.555
2015/4/1,22028080,82.5,82.72,80.87,81.665
2015/3/31,19705200,82.9,83.5,82.21,82.215
2015/3/30,24506180,83.81,84.34,82.41,83.195
2015/3/27,18313110,83.38,83.95,82.88,83.3
2015/3/26,32754510,82.72,83.77,82.14,83.01
2015/3/25,37348640,85.5,85.52,82.92,82.92
2015/3/24,32507390,84.71,86.0699,84.52,85.31
2015/3/23,27291310,83.92,84.96,83.3,84.43
2015/3/20,44405260,83.39,84.6,83.07,83.8
2015/3/19,42047570,81.12,83,81,82.75
2015/3/18,36732660,79.25,81.24,79.17,80.91
2015/3/17,22105760,78.36,79.78,78.34,79.365
2015/3/16,19289450,77.96,78.12,77.36,78.07
2015/3/13,18481750,78.6,79.38,77.68,78.05
2015/3/12,16069270,78.1,79.05,77.91,78.93
2015/3/11,20141490,77.8,78.43,77.26,77.57
2015/3/10,22965310,78.5,79.26,77.55,77.55
2015/3/9,18908230,79.68,79.91,78.63,79.44
2015/3/6,24457940,80.9,81.33,79.83,80.005
2015/3/5,27792840,81.23,81.99,81.05,81.21
2015/3/4,28057010,79.3,81.15,78.85,80.895
2015/3/3,18602170,79.61,79.7,78.52,79.6
2015/3/2,21645890,79,79.855,78.52,79.75
2015/2/27,30705140,80.68,81.23,78.62,78.97
2015/2/26,30980750,79.88,81.37,79.72,80.41
2015/2/25,25546020,78.5,80.2,78.5,79.56
2015/2/24,18871220,78.5,79.48,78.1,78.45
2015/2/23,24105020,79.96,80.19,78.38,78.84
2015/2/20,36904680,79.55,80.34,79.2,79.895
2015/2/19,45778750,76.986,79.84,76.95,79.42
2015/2/18,22410540,75.94,76.9,75.45,76.71
2015/2/17,25243920,75.3,76.91,75.08,75.6
2015/2/13,18487260,76.46,76.48,75.5,75.74
2015/2/12,17212100,76.86,76.87,75.89,76.23
2015/2/11,20817690,75.09,76.75,75.03,76.51
2015/2/10,15783750,74.85,75.34,74.5,75.19
2015/2/9,16182700,74.05,74.83,73.45,74.44
2015/2/6,21131450,75.68,75.7,74.25,74.47
2015/2/5,15002820,75.71,75.98,75.21,75.615
2015/2/4,20246640,75.09,76.35,75.01,75.63
2015/2/3,26921640,75.19,75.58,73.86,75.4
2015/2/2,41901530,76.11,76.14,73.75,74.99
2015/1/30,42540890,78,78.16,75.75,75.91
2015/1/29,60670160,76.85,78.02,74.21,78
2015/1/28,51281680,76.9,77.638,76,76.24
2015/1/27,19982990,76.71,76.88,75.63,75.78
2015/1/26,19229120,77.98,78.47,77.29,77.495
2015/1/23,16711610,77.65,78.19,77.04,77.83
2015/1/22,19491720,77.17,77.75,76.68,77.65
2015/1/21,25079200,76.16,77.3,75.85,76.74
2015/1/20,22765930,75.72,76.31,74.82,76.24
2015/1/16,21744680,74.04,75.32,73.84,75.18
2015/1/15,34058150,76.4,76.57,73.54,74.05
2015/1/14,25831690,76.42,77.2,76.0291,76.28
2015/1/13,25149270,77.23,78.08,75.85,76.45
2015/1/12,19150390,77.84,78,76.21,76.72
2015/1/9,21146060,78.2,78.62,77.2,77.74
2015/1/8,23931830,76.74,78.23,76.08,78.175
2015/1/7,22015250,76.76,77.36,75.82,76.15
2015/1/6,27365180,77.23,77.59,75.365,76.15
2015/1/5,26392340,77.98,79.2455,76.86,77.19
2015/1/2,18141830,78.58,78.93,77.7,78.45
2014/12/31,20004710,79.54,79.8,77.86,78.02
2014/12/30,14354170,79.85,80.59,79.1,79.22
2014/12/29,14101570,80.49,80.96,79.71,80.02
2014/12/26,10632810,81.02,81.28,80.51,80.775
2014/12/24,7685481,81.03,81.43,80.75,80.77
2014/12/23,19846990,82.02,82.17,80.4,80.61
2014/12/22,31361040,80.08,81.89,80,81.45
2014/12/19,43274930,78.75,80,78.33,79.88
2014/12/18,34147520,76.89,78.4,76.51,78.4
2014/12/17,29142380,75.01,76.41,74.9,76.11
2014/12/16,31466710,76.19,77.39,74.59,74.69
2014/12/15,29341660,78.46,78.58,76.56,76.99
2014/12/12,28049760,77.16,78.88,77.02,77.83
2014/12/11,33465080,76.52,78.52,76.48,77.73
2014/12/10,32168400,76.65,77.55,76.07,76.18
2014/12/9,25307530,75.2,76.93,74.78,76.84
2014/12/8,25674150,76.18,77.25,75.4,76.52
2014/12/5,24273070,75.8,76.76,75.36,76.36
2014/12/4,14369110,74.83,75.55,74.66,75.24
2014/12/3,15936750,75.38,75.73,74.4,74.88
2014/12/2,16750770,75.33,75.91,75.04,75.46
2014/12/1,31747970,77.26,77.31,74.8,75.1
2014/11/28,15992040,77.67,78.27,77.23,77.7
2014/11/26,32686400,75.53,77.78,75.51,77.62
2014/11/25,32199750,74.21,75.74,74.13,75.63
2014/11/24,22080500,73.54,74.35,73.35,74.01
2014/11/21,23039660,74.5,74.5,73.5,73.75
2014/11/20,19128520,72.8,73.99,72.51,73.6
2014/11/19,25401630,74.01,74.54,73.11,73.33
2014/11/18,20678330,74.45,74.8,73.9,74.34
2014/11/17,28669580,74.88,75.655,73.88,74.24
2014/11/14,19416910,74.27,74.93,74.04,74.88
2014/11/13,26408940,74.74,75.24,73.64,74.25
2014/11/12,26497580,74.28,75.14,73.54,74.72
2014/11/11,18702040,74.95,74.98,74.03,74.61
2014/11/10,21526460,75.36,75.4799,74.61,75
2014/11/7,20757430,75.39,75.855,75.02,75.6
2014/11/6,21321380,74.89,75.6,74.31,75.26
2014/11/5,35853620,76.51,76.8,74.42,74.83
2014/11/4,39202820,74.23,75.77,73.65,75.76
2014/11/3,40529830,75.47,75.52,73.7,73.88
2014/10/31,44472280,74.93,75.7,74.45,74.99
2014/10/30,83098240,75.05,75.35,72.9,74.11
2014/10/29,105883000,75.45,76.88,74.78,75.86
2014/10/28,61137040,80.18,81.16,79.57,80.77
2014/10/27,29806870,80.74,80.8,79.76,80.28
2014/10/24,32123520,80.2,80.8183,79.32,80.67
2014/10/23,34892410,79.38,80.63,79.01,80.04
2014/10/22,41799140,78.815,79.85,78.01,78.37
2014/10/21,32176370,77.56,78.74,77.15,78.69
2014/10/20,34555900,75.6,77.09,75.38,76.95
2014/10/17,76263220,74.23,76,73.75,75.95
2014/10/16,53456880,70.79,73.35,70.58,72.63
2014/10/15,61397390,71.69,73.8,70.32,73.21
2014/10/14,50126990,74,74.18,72.05,73.59
2014/10/13,43847640,73.23,74.78,72.52,72.99
2014/10/10,52068580,75.59,76.5,72.76,72.91
2014/10/9,32421030,77.28,77.7601,75.85,75.91
2014/10/8,32853310,76.18,77.71,75.1,77.52
2014/10/7,25241360,77.05,77.95,76.24,76.29
2014/10/6,25689890,77.19,77.89,76.85,77.555
2014/10/3,23280910,77.76,78.06,77.26,77.44
2014/10/2,36468900,76.57,77.48,75.64,77.08
2014/10/1,55006570,78.78,78.82,75.9,76.55
2014/9/30,35816980,79.35,79.7067,78.6,79.04
2014/9/29,33969370,78.12,79.199,77.91,79
2014/9/26,28827060,77.59,78.8416,77.33,78.79
2014/9/25,37392870,78.6,78.94,77.13,77.22
2014/9/24,30638360,78.1,78.62,77.51,78.535
2014/9/23,36666690,76.33,78.63,76.04,78.29
2014/9/22,31908240,77,77.53,75.95,76.8
2014/9/19,76614560,77.4,78.3,76.44,77.91
2014/9/18,22939820,76.77,77.33,76.52,77
2014/9/17,28498200,75.96,77.25,75.57,76.43
2014/9/16,37662500,73.52,76.23,73.07,76.08
2014/9/15,49552660,77.15,77.25,73.43,74.58
2014/9/12,26655670,78.02,78.3,77.1,77.48
2014/9/11,32181110,77.13,78.36,77.05,77.92
2014/9/10,29836020,76.52,77.95,76.51,77.43
2014/9/9,28723090,77.59,78.17,76.2,76.67
2014/9/8,28135810,77.26,78.17,77.01,77.89
2014/9/5,29387630,76.1,77.38,75.598,77.26
2014/9/4,26581940,75.89,76.93,75.53,75.95
2014/9/3,32311920,77.14,77.48,75.6,75.83
2014/9/2,34744550,75.01,76.7,74.82,76.68
2014/8/29,26215560,74.3,74.82,74.01,74.82
2014/8/28,21898440,74,74.43,73.73,73.855
2014/8/27,36213130,75.27,75.49,74.46,74.63
2014/8/26,23793170,75,75.99,74.73,75.9601
2014/8/25,19683350,74.94,75.28,74.79,75.02
2014/8/22,20847650,74.34,74.73,73.57,74.57
2014/8/21,20053690,74.92,75.19,74.4149,74.57
2014/8/20,22863680,74.97,75.18,74.62,74.81
2014/8/19,26596500,74.81,75.58,74.77,75.29
2014/8/18,23898550,74,74.72,73.96,74.59
2014/8/15,38837920,74.32,74.65,73,73.63
2014/8/14,22163750,73.97,74.38,73.69,74.296
2014/8/13,29181990,73.12,74.25,73.05,73.77
2014/8/12,27347900,73.09,73.3301,72.22,72.83
2014/8/11,24533690,73.46,73.91,73.06,73.44
2014/8/8,27097750,73.4,73.43,72.56,73.06
2014/8/7,38049750,73,74,72.7,73.17
2014/8/6,30898990,72.02,73.72,71.79,72.47
2014/8/5,34918620,73.2,73.59,72.18,72.69
2014/8/4,30630370,72.36,73.88,72.36,73.51
2014/8/1,43402770,72.22,73.22,71.55,72.36
2014/7/31,43811380,74,74.165,72.44,72.65
2014/7/30,36804070,74.21,75.19,74.13,74.677
2014/7/29,41050770,74.72,74.92,73.4229,73.71
2014/7/28,41556090,75.17,75.5,73.85,74.92
2014/7/25,45792800,74.99,75.67,74.662,75.19
2014/7/24,123026900,75.96,76.74,74.51,74.98
2014/7/23,74712560,69.74,71.33,69.61,71.29
2014/7/22,40227960,69.76,69.77,68.61,69.27
2014/7/21,49386920,68.81,69.96,68.5,69.4
2014/7/18,42223010,66.8,68.46,66.16,68.4199
2014/7/17,37941770,67.03,67.85,66.04,66.4099
2014/7/16,29525060,67.54,67.94,67.07,67.66
2014/7/15,44145960,67.96,68.0899,66.26,67.165
2014/7/14,38404830,67.13,68.17,66.9,67.9
2014/7/11,39147600,65.28,66.59,64.79,66.34
2014/7/10,44348430,63.31,65.34,63.05,64.8725
2014/7/9,51298480,63.41,65.12,63.15,64.97
2014/7/8,68838080,65.06,65.56,62.21,62.76
2014/7/7,28688050,66.3,66.57,65.12,65.29
2014/7/3,25203220,66.855,67,65.76,66.29
2014/7/2,41778400,68.04,68.3,65.79,66.45
2014/7/1,33156390,67.58,68.44,67.39,68.06
2014/6/30,27078350,67.46,67.92,67.13,67.29
2014/6/27,46396950,67.31,67.7,66.84,67.6
2014/6/26,47618020,68,68,66.9,67.13
2014/6/25,44183630,65.58,67.48,65.57,67.44
2014/6/24,57260230,65.36,67.17,65.27,65.72
2014/6/23,34424160,64.32,65.66,64.22,65.37
2014/6/20,46394230,64.46,64.81,63.35,64.5
2014/6/19,34097910,65.46,65.5756,64.21,64.3415
2014/6/18,35450700,64.49,65.75,64.05,65.6
2014/6/17,27629660,64.1,64.88,63.93,64.4
2014/6/16,30849450,64.16,64.88,63.75,64.19
2014/6/13,29367820,64.7,64.97,63.83,64.5
2014/6/12,55604800,65.85,66.47,64.06,64.2901
2014/6/11,44132140,65.32,65.8,64.9,65.781
2014/6/10,69105010,63.53,65.82,63.5,65.77
2014/6/9,37474470,62.4,63.34,61.79,62.88
2014/6/6,42373250,63.37,63.48,62.15,62.5
2014/6/5,47278710,63.66,64.36,62.82,63.186
2014/6/4,36460620,62.45,63.59,62.07,63.34
2014/6/3,32097900,62.62,63.42,62.32,62.87
2014/6/2,35946770,63.23,63.59,62.05,63.08
2014/5/30,45224820,63.95,64.17,62.56,63.3
2014/5/29,42333090,63.84,64.3,63.51,63.83
2014/5/28,47746450,63.39,64.14,62.62,63.51
2014/5/27,55546990,61.62,63.51,61.57,63.48
2014/5/23,38210700,60.41,61.45,60.15,61.351
2014/5/22,54067890,60.94,61.48,60.4,60.52
2014/5/21,58814920,58.56,60.5,58.25,60.49
2014/5/20,53804590,59.5,60.19,58.18,58.56
2014/5/19,42968380,57.89,59.56,57.57,59.21
2014/5/16,47850350,58.31,58.45,57.31,58.0199
2014/5/15,56691940,59.26,59.38,57.52,57.919
2014/5/14,47379700,59.53,60.45,58.95,59.23
2014/5/13,48442200,59.66,60.89,59.51,59.83
2014/5/12,48403930,57.98,59.9,57.98,59.83
2014/5/9,52497050,56.85,57.65,56.38,57.24
2014/5/8,61143360,57.23,58.82,56.5,56.76
2014/5/7,78450290,58.77,59.3,56.26,57.39
2014/5/6,55798800,60.98,61.15,58.49,58.53
2014/5/5,45938990,59.67,61.35,59.18,61.22
2014/5/2,54086030,61.3,61.89,60.18,60.46
2014/5/1,82319330,60.43,62.28,60.21,61.15
2014/4/30,75599310,57.58,59.85,57.16,59.78
2014/4/29,75339000,56.09,58.28,55.84,58.15
2014/4/28,107534200,58.05,58.31,54.66,56.14
2014/4/25,92257140,59.97,60.01,57.57,57.71
2014/4/24,138477000,63.6,63.65,59.77,60.87
2014/4/23,94013700,63.45,63.48,61.26,61.36
2014/4/22,60328420,62.65,63.44,62.22,63.0301
2014/4/21,60064820,59.46,61.24,59.15,61.24
2014/4/17,87956250,59.3,60.58,58.72,58.94
2014/4/16,78548910,59.79,60.19,57.74,59.72
2014/4/15,108466300,59.29,59.68,55.88,59.09
2014/4/14,72152260,60.09,60.45,57.78,58.89
2014/4/11,91373170,57.6,60.31,57.31,58.53
2014/4/10,114767600,63.08,63.18,58.68,59.16
2014/4/9,99918180,59.63,62.4558,59.1882,62.41
2014/4/8,78732130,57.68,58.71,57.17,58.1901
2014/4/7,108324400,55.9,58,55.44,56.95
2014/4/4,125198200,59.94,60.2,56.32,56.749
2014/4/3,83585460,62.55,63.17,59.13,59.49
2014/4/2,66149490,63.21,63.91,62.21,62.72
2014/4/1,59098260,60.46,62.66,60.24,62.62
2014/3/31,52921180,60.78,61.52,59.87,60.24
2014/3/28,66888000,61.34,61.95,59.335,60.01
2014/3/27,112453500,60.51,61.9,57.98,60.97
2014/3/26,97436810,64.74,64.95,60.37,60.385
2014/3/25,68168890,64.89,66.19,63.78,64.89
2014/3/24,85551700,67.19,67.36,63.36,64.1
2014/3/21,59993420,67.53,67.92,66.1786,67.24
2014/3/20,44344660,68.01,68.23,66.82,66.97
2014/3/19,43909250,69.17,69.29,67.465,68.24
2014/3/18,40731150,68.76,69.6,68.3,69.19
2014/3/17,52098860,68.18,68.95,66.62,68.7399
2014/3/14,48095760,68.49,69.43,67.46,67.72
2014/3/13,56954770,71.29,71.35,68.15,68.83
2014/3/12,46332080,69.86,71.35,69,70.8799
2014/3/11,59364950,72.5,72.59,69.96,70.1
2014/3/10,59853820,70.77,72.15,70.51,72.03
2014/3/7,38918700,71.08,71.18,69.47,69.8
2014/3/6,46023480,71.88,71.89,70.25,70.84
2014/3/5,74560670,69.69,71.97,69.62,71.57
2014/3/4,41996420,68.66,68.9,67.62,68.8
2014/3/3,56813110,66.96,68.05,66.51,67.41
2014/2/28,66738010,69.47,69.88,67.38,68.46
2014/2/27,41638450,69.34,70.01,68.87,68.94
2014/2/26,55302090,70.19,71.22,68.85,69.26
2014/2/25,52062710,70.95,71,69.45,69.85
2014/2/24,76735760,68.74,71.44,68.54,70.78
2014/2/21,70923530,69.69,69.96,68.45,68.59
2014/2/20,130880100,67.73,70.11,65.727,69.63
2014/2/19,60295610,67.05,69.08,67,68.06
2014/2/18,43798520,66.94,67.5397,66.07,67.3
2014/2/14,36731220,67.5,67.58,66.72,67.09
2014/2/13,61883050,64.18,67.33,64.05,67.33
2014/2/12,47260370,64.92,65.06,64.05,64.45
2014/2/11,45657700,63.75,65,63.35,64.851
2014/2/10,43642880,64.3,64.49,63.473,63.548
2014/2/7,60762540,62.27,64.57,62.22,64.32
2014/2/6,42079800,61.46,62.78,61.46,62.16
2014/2/5,51553330,62.74,63.16,61.27,62.19
2014/2/4,45977670,62.05,63.14,61.82,62.75
2014/2/3,74852940,63.03,63.77,60.7,61.48
2014/1/31,87774330,60.47,63.37,60.17,62.57
2014/1/30,150128200,62.12,62.5,60.46,61.08
2014/1/29,89786860,54.61,54.95,53.19,53.53
2014/1/28,48182940,54.02,55.28,54,55.14
2014/1/27,73888900,54.73,54.9401,51.85,53.55
2014/1/24,55410210,56.15,56.42,54.4,54.45
2014/1/23,47945860,56.37,56.68,55.6855,56.63
2014/1/22,61349130,58.85,59.31,57.1,57.51
2014/1/21,48658930,56.6,58.58,56.5,58.51
2014/1/17,40845940,57.3,57.82,56.07,56.3
2014/1/16,34537020,57.26,58.02,56.83,57.19
2014/1/15,33655610,57.98,58.57,57.27,57.6
2014/1/14,37487240,56.46,57.78,56.1,57.74
2014/1/13,62888480,57.91,58.25,55.38,55.91
2014/1/10,42443990,57.13,58.3,57.06,57.94
2014/1/9,92236170,58.65,58.96,56.65,57.22
2014/1/8,56669280,57.6,58.41,57.23,58.23
2014/1/7,77201940,57.7,58.55,57.22,57.92
2014/1/6,68773580,54.42,57.26,54.05,57.2
2014/1/3,38244700,55.02,55.65,54.53,54.557
2014/1/2,43188990,54.83,55.22,54.19,54.71
2013/12/31,43069960,54.12,54.86,53.91,54.649
2013/12/30,68195850,54.93,55.18,53.43,53.71
2013/12/27,60251230,57.48,57.68,55.25,55.44
2013/12/26,55024630,58.32,58.38,57.37,57.73
2013/12/24,46617750,58.27,58.58,56.91,57.96
2013/12/23,98124560,55.5,58.32,55.45,57.77
2013/12/20,224195500,54.93,55.15,54.23,55.12
2013/12/19,89722000,54.33,55.19,53.95,55.05
2013/12/18,75831750,54.86,55.89,53.75,55.57
2013/12/17,78480680,54.76,55.18,54.24,54.86
2013/12/16,84971770,53.25,54.5,52.91,53.81
2013/12/13,82517560,51.66,53.5,51.34,53.32
2013/12/12,92467060,51.045,52.07,50.66,51.83
2013/12/11,62295230,50.55,50.77,49.01,49.38
2013/12/10,68301310,48.64,50.77,48.54,50.245
2013/12/9,35930850,48.09,48.97,47.74,48.84
2013/12/6,42877640,48.98,49.39,47.71,47.94
2013/12/5,43773340,48.15,48.7,47.87,48.34
2013/12/4,60306210,46.46,48.77,46.26,48.62
2013/12/3,31998810,46.75,47.2,46.29,46.73
2013/12/2,50674560,46.9,47.54,46.26,47.06
2013/11/29,22953920,46.75,47.21,46.5,47.01
2013/11/27,44887500,45.97,46.67,45.53,46.49
2013/11/26,81892990,44.66,46.17,43.55,45.89
2013/11/25,82469790,46.36,46.65,44.04,44.82
2013/11/22,40465250,47.04,47.27,45.96,46.23
2013/11/21,34821540,46.99,47.46,46.685,46.7
2013/11/20,53833880,46.61,47.55,46.31,46.43
2013/11/19,75452630,46.26,47,45.72,46.36
2013/11/18,85676080,48.47,48.84,45.8,45.83
2013/11/15,42394340,49.11,49.48,48.71,49.01
2013/11/14,75042140,48.7,49.57,48.03,48.99
2013/11/13,79082730,46.23,48.74,46.06,48.71
2013/11/12,68071910,46,47.37,45.83,46.605
2013/11/11,80718180,47.04,47.53,45.73,46.2
2013/11/8,70540080,47.81,48.65,47.25,47.53
2013/11/7,96906910,49.24,49.87,47.3,47.56
2013/11/6,67745300,50.26,50.45,48.71,49.12
2013/11/5,76659340,47.79,50.18,47.51,50.105
2013/11/4,80194620,49.365,49.75,48.02,48.22
2013/11/1,94776920,50.85,52.09,49.72,49.75
2013/10/31,248338900,47.155,52,46.5,50.205
2013/10/30,111666400,50,50.21,48.75,49.01
2013/10/29,101787400,50.73,50.79,49.25,49.395
2013/10/28,73116480,51.54,51.7,49.61,50.229
2013/10/25,44931490,53.18,53.24,51.88,51.95
2013/10/24,46436620,52.38,52.84,51.5928,52.445
2013/10/23,57037800,51.75,52.25,51.13,51.9
2013/10/22,83047340,54.33,54.76,52.2,52.675
2013/10/21,57935890,54.68,54.81,53.51,53.85
2013/10/18,88118540,54.18,54.825,53.6,54.22
2013/10/17,70836230,51.12,52.22,50.95,52.21
2013/10/16,64406590,50.04,51.24,49.9,51.135
2013/10/15,80838680,49.99,51,49.18,49.5
2013/10/14,68639410,48.31,49.63,47.91,49.51
2013/10/11,58342770,49.18,49.87,48.79,49.11
2013/10/10,99370750,47.865,49.68,47.83,49.05
2013/10/9,147056800,47.375,47.84,45.26,46.77
2013/10/8,135628200,50.6,50.6,47.08,47.14
2013/10/7,57061640,50.73,51.29,50.4,50.515
2013/10/4,74312720,49.77,51.16,49.57,51.04
2013/10/3,81651010,50.47,50.72,49.06,49.183
2013/10/2,62686500,50.13,51.1,49.95,50.28
2013/10/1,97946230,49.97,51.03,49.45,50.42
2013/9/30,99504810,50.14,51.6,49.8,50.23
2013/9/27,81192310,50.29,51.28,49.86,51.24
2013/9/26,97976810,50.01,50.6,49.5,50.39
2013/9/25,87566700,49.23,49.54,48.46,49.46
2013/9/24,136274400,48.505,49.66,48.16,48.45
2013/9/23,75170550,47.28,47.55,46.29,47.19
2013/9/20,115259600,46.32,47.6,45.74,47.49
2013/9/19,63854770,45.51,46.05,45.23,45.98
2013/9/18,79172720,44.84,45.47,44.395,45.23
2013/9/17,91748330,42.5,45.44,42.43,45.07
2013/9/16,70580670,44.85,44.94,42.43,42.51
2013/9/13,52706530,45.04,45.08,43.93,44.31
2013/9/12,67943630,45.53,45.62,44.65,44.75
2013/9/11,71840960,43.39,45.09,43.11,45.04
2013/9/10,54453960,44.24,44.26,43.23,43.6
2013/9/9,75634970,44.36,44.79,43.7,44.04
2013/9/6,117375700,43.09,44.61,42.4,43.95
2013/9/5,49931010,41.79,42.765,41.77,42.66
2013/9/4,42472010,42.01,42.17,41.44,41.78
2013/9/3,48666190,41.84,42.165,41.51,41.87
2013/8/30,67565220,42.025,42.26,41.06,41.294
2013/8/29,58153720,40.89,41.78,40.8,41.28
2013/8/28,57617060,39.96,40.85,39.88,40.548
2013/8/27,72556560,40.68,41.2,39.42,39.64
2013/8/26,93901000,40.9,41.94,40.62,41.34
2013/8/23,86246160,39,40.63,38.93,40.55
2013/8/22,21859280,38.37,38.75,38.34,38.55
2013/8/21,45998690,38.38,38.85,38.145,38.32
2013/8/20,57879220,38.35,38.58,37.69,38.41
2013/8/19,57411950,37.43,38.28,37.14,37.81
2013/8/16,45749580,36.97,37.49,36.9,37.08
2013/8/15,56429530,36.36,37.07,36.0201,36.56
2013/8/14,48299100,36.83,37.55,36.62,36.65
2013/8/13,65248000,38.24,38.32,36.77,37.019
2013/8/12,31096900,38.2,38.5,38.1,38.22
2013/8/9,43510970,38.59,38.74,38.01,38.5
2013/8/8,41182770,39.13,39.19,38.43,38.54
2013/8/7,68711580,38.61,38.94,37.7,38.87
2013/8/6,63834190,39.11,39.25,37.94,38.55
2013/8/5,79798290,38.43,39.32,38.25,39.189
2013/8/2,72731240,37.66,38.49,37.5,38.05
2013/8/1,105865000,37.3,38.29,36.92,37.489
2013/7/31,154704200,37.96,38.31,36.33,36.8
2013/7/30,172937500,35.65,37.96,35.32,37.627
2013/7/29,124716100,34.07,35.63,34.01,35.43
2013/7/26,135881500,33.77,34.73,33.56,34.01
2013/7/25,365091700,33.545,34.88,32.75,34.359
2013/7/24,75364480,26.32,26.53,26.05,26.51
2013/7/23,28138680,26.1,26.3,25.97,26.13
2013/7/22,27490350,25.99,26.13,25.72,26.045
2013/7/19,46515740,25.82,26.1077,25.6,25.881
2013/7/18,24697620,26.75,26.77,26.12,26.18
2013/7/17,21491940,26.37,26.78,26.3,26.65
2013/7/16,30779130,26.39,26.75,26.01,26.32
2013/7/15,24200400,25.93,26.43,25.65,26.28
2013/7/12,16498340,25.74,25.93,25.55,25.91
2013/7/11,26756400,25.96,26,25.45,25.81
2013/7/10,26744350,25.58,25.83,25.47,25.8
2013/7/9,30334450,25.07,25.49,25.03,25.48
2013/7/8,27043580,24.47,25.04,24.42,24.71
2013/7/5,20202440,24.65,24.66,24.2,24.37
2013/7/3,10404330,24.22,24.71,24.15,24.52
2013/7/2,18346010,24.7,24.77,24.3,24.41
2013/7/1,20539520,24.9694,25.0601,24.62,24.81
2013/6/28,96737620,24.68,24.98,24.42,24.88
2013/6/27,34641060,24.24,24.84,24.21,24.66
2013/6/26,29860530,24.51,24.65,23.99,24.16
2013/6/25,24710300,24.14,24.43,24.04,24.25
2013/6/24,40586430,23.95,24.11,23.38,23.935
2013/6/21,45800870,24.59,24.7,24.05,24.53
2013/6/20,42716660,24.28,24.745,23.65,23.9
2013/6/19,31732970,24.2,25.19,24.1,24.309
2013/6/18,36667860,24.09,24.69,24.08,24.21
2013/6/17,33601370,23.91,24.25,23.75,24.022
2013/6/14,30603420,23.56,23.89,23.26,23.63
2013/6/13,31095780,23.72,23.83,23.265,23.73
2013/6/12,26404420,24.16,24.26,23.58,23.77
2013/6/11,29837670,24.03,24.35,24,24.03
2013/6/10,58311370,24.06,24.6,23.99,24.33
2013/6/7,38679530,23.03,23.4,22.86,23.291
2013/6/6,31224400,22.99,23.09,22.67,22.97
2013/6/5,53759680,23.35,23.705,22.79,22.899
2013/6/4,34748310,23.89,23.93,23.32,23.52
2013/6/3,35693200,24.265,24.32,23.71,23.848
2013/5/31,35879190,24.63,24.95,24.27,24.348
2013/5/30,60555780,24.13,24.779,23.93,24.55
2013/5/29,64115760,23.79,23.81,23.26,23.32
2013/5/28,50042490,24.54,24.54,23.92,24.1
2013/5/24,58653470,24.97,24.97,24.08,24.3125
2013/5/23,37654530,24.8,25.53,24.77,25.06
2013/5/22,45198860,25.65,25.85,24.92,25.159
2013/5/21,26163000,25.87,26.075,25.59,25.66
2013/5/20,42345840,26.18,26.19,25.69,25.759
2013/5/17,29426640,26.4,26.6,26.2,26.25
2013/5/16,35473010,26.48,26.55,25.9,26.13
2013/5/15,30257960,26.92,26.99,26.4,26.6
2013/5/14,24899510,26.885,27.28,26.82,27.07
2013/5/13,29003230,26.6,27.325,26.531,26.82
2013/5/10,30796410,27.14,27.3,26.57,26.68
2013/5/9,33367040,27.08,27.55,26.85,27.04
2013/5/8,34592220,26.88,27.3,26.65,27.12
2013/5/7,41181810,27.55,27.85,26.85,26.889
2013/5/6,43816260,28.33,28.46,27.48,27.57
2013/5/3,58210590,29.04,29.07,28.15,28.311
2013/5/2,104142100,28.01,29.02,27.98,28.97
2013/5/1,63228690,27.85,27.915,27.31,27.43
2013/4/30,36158480,27.13,27.85,27.005,27.769
2013/4/29,28880330,27.16,27.41,26.86,26.98
2013/4/26,32952000,26.6,27.62,26.6,26.85
2013/4/25,17085990,26.07,26.4,26,26.14
2013/4/24,19701820,25.93,26.4,25.8,26.11
2013/4/23,25136620,26.215,26.33,25.77,25.98
2013/4/22,25626190,25.81,26.36,25.7,25.97
2013/4/19,20349350,25.62,25.96,25.33,25.73
2013/4/18,39017530,26.82,26.82,25.15,25.69
2013/4/17,26409810,26.65,27.2,26.39,26.625
2013/4/16,27354550,26.81,27.11,26.4,26.92
2013/4/15,30157610,27.16,27.48,26.36,26.52
2013/4/12,28645390,28,28,27.24,27.4
2013/4/11,33317050,27.48,28.1,27.25,28.0175
2013/4/10,45868010,27.01,27.84,26.9,27.57
2013/4/9,21271210,26.58,26.89,26.42,26.59
2013/4/8,27213210,27.19,27.2,26.63,26.849
2013/4/5,64468590,26.86,27.8,26.61,27.39
2013/4/4,81884030,26.62,27.2301,26.11,27.0725
2013/4/3,48093190,25.83,26.39,25.7,26.25
2013/4/2,35121310,25.77,26.12,25.3,25.42
2013/4/1,22205800,25.63,25.89,25.28,25.53
2013/3/28,28564300,26.09,26.17,25.52,25.58
2013/3/27,52246250,25,26.28,24.72,26.09
2013/3/26,26931720,25.08,25.48,25.03,25.205
2013/3/25,39115300,25.75,25.8,25.078,25.131
2013/3/22,18420580,25.796,26.01,25.63,25.73
2013/3/21,24297020,25.66,26.11,25.56,25.74
2013/3/20,43922190,26.68,26.69,25.78,25.86
2013/3/19,25222620,26.53,26.9,26.21,26.55
2013/3/18,26610250,26.37,26.79,25.78,26.49
2013/3/15,31554310,27.03,27.06,26.56,26.645
2013/3/14,27604220,27.1,27.43,26.83,27.04
2013/3/13,39527710,27.62,27.65,26.92,27.08
2013/3/12,27498230,28.1,28.32,27.6,27.83
2013/3/11,35585960,28.01,28.64,27.83,28.14
2013/3/8,44161320,28.425,28.47,27.73,27.96
2013/3/7,74408360,27.57,28.675,27.47,28.578
2013/3/6,33464760,28.1,28.13,27.35,27.4525
2013/3/5,40184170,27.88,28.18,27.21,27.52
2013/3/4,32363520,27.76,28.06,27.44,27.72
2013/3/1,54032140,27.05,28.1164,26.81,27.78
2013/2/28,82952930,26.84,27.3,26.34,27.25
2013/2/27,44203880,27.34,27.34,26.63,26.87
2013/2/26,31579420,27.36,27.46,26.7,27.39
2013/2/25,34480840,27.16,27.64,27.15,27.27
2013/2/22,36287100,27.62,27.63,26.82,27.13
2013/2/21,49583120,28.28,28.55,27.15,27.283
2013/2/20,42037050,28.92,29.05,28.33,28.462
2013/2/19,49216780,28.23,29.08,28.12,28.93
2013/2/15,32986500,28.52,28.75,28.09,28.32
2013/2/14,35565550,28.02,28.63,28.01,28.5
2013/2/13,50053630,27.36,28.32,27.31,27.9075
2013/2/12,93390430,27.67,28.16,27.1,27.37
2013/2/11,36619600,28.61,28.68,28.04,28.26
2013/2/8,37636360,28.89,29.17,28.51,28.545
2013/2/7,34410230,29.11,29.15,28.27,28.65
2013/2/6,38301680,28.74,29.29,28.66,29.05
2013/2/5,47790880,28.26,28.96,28.04,28.64
2013/2/4,92128780,29.06,29.2,28.01,28.109
2013/2/1,85730540,31.01,31.02,29.63,29.73
2013/1/31,190522200,29.15,31.47,28.74,30.981
2013/1/30,84116810,30.98,31.49,30.88,31.24
2013/1/29,72704310,32,32.07,30.71,30.79
2013/1/28,59514360,31.88,32.5063,31.81,32.469
2013/1/25,54234890,31.41,31.93,31.13,31.54
2013/1/24,43747870,31.27,31.49,30.81,31.08
2013/1/23,48497840,31.1,31.5,30.8,30.82
2013/1/22,54812940,29.75,30.89,29.74,30.729
2013/1/18,49552880,30.31,30.44,29.27,29.66
2013/1/17,40204750,30.08,30.42,30.03,30.14
2013/1/16,75183340,30.21,30.35,29.53,29.85
2013/1/15,172961200,30.64,31.71,29.88,30.1
2013/1/14,98585650,32.08,32.21,30.62,30.9475
2013/1/11,89422580,31.28,31.96,31.1,31.72
2013/1/10,95209790,30.6,31.45,30.28,31.3
2013/1/9,104443300,29.67,30.6,29.49,30.59
2013/1/8,45791490,29.51,29.6,28.86,29.0607
2013/1/7,83712950,28.69,29.79,28.65,29.4213
2013/1/4,72609630,28.01,28.93,27.83,28.76
2013/1/3,63069690,27.88,28.47,27.59,27.77
2013/1/2,69735160,27.44,28.18,27.42,28
2012/12/31,60287020,26.2,26.99,26.11,26.6197
2012/12/28,56502650,25.48,26.11,25.15,25.9112
2012/12/27,43425730,26.55,26.8,25.52,26.05
2012/12/26,33122100,27.03,27.18,26.375,26.51
2012/12/24,28230040,26.5,26.96,26.2,26.93
2012/12/21,54365580,26.66,27.01,26.12,26.26
2012/12/20,35540640,27.49,27.6,27.13,27.36
2012/12/19,61342850,27.83,28.22,26.95,27.41
2012/12/18,60474760,26.96,27.91,26.9,27.71
2012/12/17,57679070,26.77,27,26.32,26.75
2012/12/14,91517810,28.18,28.33,26.76,26.812
2012/12/13,80968650,27.59,28.75,27.43,28.24
2012/12/12,46664930,28,28.14,27.37,27.5801
2012/12/11,77035520,28.07,28.24,27.66,27.98
2012/12/10,50463630,27.17,28.17,27.1,27.84
2012/12/7,51648160,27.07,27.78,26.84,27.485
2012/12/6,45933360,27.68,27.75,26.82,26.97
2012/12/5,58899760,27.75,27.9,27.26,27.71
2012/12/4,72810360,27.06,27.76,26.68,27.46
2012/12/3,123384900,28,28.88,26.98,27.04
2012/11/30,126867400,27.26,28,26.76,28
2012/11/29,88572990,26.5,27.52,26.16,27.32
2012/11/28,49113040,25.94,26.49,25.75,26.36
2012/11/27,85687430,26.04,26.5,25.46,26.15
2012/11/26,123513900,24.935,26.09,24.81,25.94
2012/11/23,29520310,24.58,24.68,23.88,23.998
2012/11/21,89720920,23.22,24.53,23.05,24.32
2012/11/20,46515660,22.73,23.9,22.7,23.1
2012/11/19,84944370,23.955,24.12,22.82,22.92
2012/11/16,107091400,22.25,23.93,22.18,23.5607
2012/11/15,78808770,22.34,22.5,21.65,22.17
2012/11/14,229081600,20.1,22.5,19.93,22.36
2012/11/13,71524510,19.605,20.11,19.56,19.86
2012/11/12,67220540,19.15,20.17,18.87,20.07
2012/11/9,42257790,19.955,20,19.13,19.21
2012/11/8,34106840,20.52,20.73,19.98,19.99
2012/11/7,33352920,20.85,20.95,20.37,20.47
2012/11/6,29030780,21.24,21.37,20.99,21.1712
2012/11/5,31752420,21.1,21.48,20.92,21.25
2012/11/2,38308550,21.26,21.69,21.07,21.18
2012/11/1,37631000,21.08,21.44,21.01,21.21
2012/10/31,99311480,20.82,21.5,20.73,21.11
2012/10/26,9999999,22.4,22.88,21.88,21.9425
2012/10/25,76050080,23.29,23.31,22.47,22.56
2012/10/24,228364700,24.13,24.25,22.85,23.2299
2012/10/23,72281000,19.25,19.8,19.1,19.5
2012/10/22,32269470,19.2,19.43,19.05,19.321
2012/10/19,34769600,19,19.06,18.8,19
2012/10/18,52059860,19.7,19.79,18.89,18.975
2012/10/17,44020450,19.5,20.48,19.3718,19.88
2012/10/16,21816100,19.68,19.69,19.3,19.48
2012/10/15,20154860,19.68,19.88,19.49,19.52
2012/10/12,18743920,19.75,19.8,19.48,19.5181
2012/10/11,21803710,19.88,19.96,19.61,19.75
2012/10/10,39282420,19.93,19.94,19.45,19.64
2012/10/9,27125670,20.39,20.55,19.97,20.227
2012/10/8,32190200,20.4,20.75,20.155,20.4
2012/10/5,40483780,21.49,21.63,20.88,20.91
2012/10/4,46549400,22.32,22.4,21.41,21.9475
2012/10/3,31940720,22.295,22.49,21.8,21.83
2012/10/2,29276680,22.08,22.49,21.82,22.27
2012/10/1,51198150,22.08,22.59,21.73,21.99
2012/9/28,65415370,20.57,21.95,20.5,21.66
2012/9/27,30061050,20.99,21,20.16,20.32
2012/9/26,38212360,20.145,20.78,19.8,20.62
2012/9/25,46169460,21.2,21.21,20.22,20.28
2012/9/24,78968380,21.78,21.98,20.3625,20.79
2012/9/21,51163120,22.97,23.24,22.6,22.86
2012/9/20,57115160,23.02,23.24,22.54,22.59
2012/9/19,78525460,21.99,23.37,21.77,23.29
2012/9/18,36696330,21.6,21.98,21.37,21.87
2012/9/17,50593510,22.67,22.75,21.5,21.52
2012/9/14,72707430,21.13,22.08,20.9,22
2012/9/13,64896660,20.955,21.48,20.61,20.713